,STATION,NAME,DATE,PRCP,SNOW,SNWD,WESD,WESF,MONTH
0,US1CTNH0057,"NEW HAVEN 2.9 NNW, CT US",2021-01-01,0.26,0.0,0.0,0.0,0.0,01
1,US1CTNH0057,"NEW HAVEN 2.9 NNW, CT US",2021-01-02,0.36,0.0,0.0,0.0,0.0,01
2,US1CTNH0057,"NEW HAVEN 2.9 NNW, CT US",2021-01-03,0.0,0.0,0.0,0.0,0.0,01
3,US1CTNH0057,"NEW HAVEN 2.9 NNW, CT US",2021-01-04,0.05,0.5,0.5,0.1,0.1,01
4,US1CTNH0057,"NEW HAVEN 2.9 NNW, CT US",2021-01-05,0.0,0.0,0.0,,0.0,01
5,US1CTNH0057,"NEW HAVEN 2.9 NNW, CT US",2021-01-06,0.0,0.0,0.0,0.0,0.0,01
6,US1CTNH0057,"NEW HAVEN 2.9 NNW, CT US",2021-01-07,0.0,0.0,0.0,0.0,0.0,01
7,US1CTNH0057,"NEW HAVEN 2.9 NNW, CT US",2021-01-08,0.0,0.0,0.0,0.0,0.0,01
8,US1CTNH0057,"NEW HAVEN 2.9 NNW, CT US",2021-01-09,0.0,0.0,0.0,0.0,0.0,01
9,US1CTNH0057,"NEW HAVEN 2.9 NNW, CT US",2021-01-10,0.0,0.0,0.0,0.0,0.0,01
10,US1CTNH0057,"NEW HAVEN 2.9 NNW, CT US",2021-01-11,0.0,0.0,0.0,0.0,0.0,01
11,US1CTNH0057,"NEW HAVEN 2.9 NNW, CT US",2021-01-12,0.0,0.0,0.0,0.0,0.0,01
12,US1CTNH0057,"NEW HAVEN 2.9 NNW, CT US",2021-01-13,0.0,0.0,0.0,0.0,0.0,01
13,US1CTNH0057,"NEW HAVEN 2.9 NNW, CT US",2021-01-14,0.0,0.0,0.0,0.0,0.0,01
14,US1CTNH0057,"NEW HAVEN 2.9 NNW, CT US",2021-01-15,0.0,0.0,0.0,0.0,0.0,01
15,US1CTNH0057,"NEW HAVEN 2.9 NNW, CT US",2021-01-16,0.88,0.0,0.0,0.0,0.0,01
16,US1CTNH0057,"NEW HAVEN 2.9 NNW, CT US",2021-01-17,0.12,0.0,0.0,0.0,0.0,01
17,US1CTNH0057,"NEW HAVEN 2.9 NNW, CT US",2021-01-18,0.0,0.0,0.0,0.0,0.0,01
18,US1CTNH0057,"NEW HAVEN 2.9 NNW, CT US",2021-01-19,0.0,0.0,0.0,0.0,0.0,01
19,US1CTNH0057,"NEW HAVEN 2.9 NNW, CT US",2021-01-21,0.0,0.0,0.0,0.0,0.0,01
20,US1CTNH0057,"NEW HAVEN 2.9 NNW, CT US",2021-01-22,0.0,0.0,0.0,0.0,0.0,01
21,US1CTNH0057,"NEW HAVEN 2.9 NNW, CT US",2021-01-23,0.0,0.0,0.0,0.0,0.0,01
22,US1CTNH0057,"NEW HAVEN 2.9 NNW, CT US",2021-01-24,0.0,0.0,0.0,0.0,0.0,01
23,US1CTNH0057,"NEW HAVEN 2.9 NNW, CT US",2021-01-25,0.0,0.0,0.0,0.0,0.0,01
24,US1CTNH0057,"NEW HAVEN 2.9 NNW, CT US",2021-01-26,0.0,0.0,0.0,0.0,0.0,01
25,US1CTNH0057,"NEW HAVEN 2.9 NNW, CT US",2021-01-27,0.18,1.1,1.0,0.2,0.2,01
26,US1CTNH0057,"NEW HAVEN 2.9 NNW, CT US",2021-01-28,0.0,0.0,0.5,,0.0,01
27,US1CTNH0057,"NEW HAVEN 2.9 NNW, CT US",2021-01-29,0.0,0.0,0.0,0.0,0.0,01
28,US1CTNH0057,"NEW HAVEN 2.9 NNW, CT US",2021-01-30,0.0,0.0,0.0,0.0,0.0,01
29,US1CTNH0057,"NEW HAVEN 2.9 NNW, CT US",2021-01-31,0.0,0.0,0.0,0.0,0.0,01
30,US1CTNH0057,"NEW HAVEN 2.9 NNW, CT US",2021-02-01,0.14,2.0,,0.1,0.1,02
31,US1CTNH0057,"NEW HAVEN 2.9 NNW, CT US",2021-02-02,0.77,8.9,,,0.8,02
32,US1CTNH0057,"NEW HAVEN 2.9 NNW, CT US",2021-02-04,,,8.5,,,02
33,US1CTNH0057,"NEW HAVEN 2.9 NNW, CT US",2021-02-05,0.0,0.0,,,0.0,02
34,US1CTNH0057,"NEW HAVEN 2.9 NNW, CT US",2021-02-06,0.0,0.0,,,0.0,02
35,US1CTNH0057,"NEW HAVEN 2.9 NNW, CT US",2021-02-07,0.0,0.0,,,0.0,02
36,US1CTNH0057,"NEW HAVEN 2.9 NNW, CT US",2021-02-08,0.46,5.5,,1.6,0.5,02
37,US1CTNH0057,"NEW HAVEN 2.9 NNW, CT US",2021-02-09,0.0,0.0,,,0.0,02
38,US1CTNH0057,"NEW HAVEN 2.9 NNW, CT US",2021-02-10,0.18,1.1,,,0.2,02
39,US1CTNH0057,"NEW HAVEN 2.9 NNW, CT US",2021-02-11,0.07,0.9,,,0.1,02
40,US1CTNH0057,"NEW HAVEN 2.9 NNW, CT US",2021-02-12,0.0,0.0,,,0.0,02
41,US1CTNH0057,"NEW HAVEN 2.9 NNW, CT US",2021-02-13,0.0,0.0,,,0.0,02
42,US1CTNH0057,"NEW HAVEN 2.9 NNW, CT US",2021-02-14,0.0,0.0,,,0.0,02
43,US1CTNH0057,"NEW HAVEN 2.9 NNW, CT US",2021-02-15,0.0,0.0,,1.4,0.0,02
44,US1CTNH0057,"NEW HAVEN 2.9 NNW, CT US",2021-02-16,0.88,0.0,,,0.0,02
45,US1CTNH0057,"NEW HAVEN 2.9 NNW, CT US",2021-02-17,0.0,0.0,,,0.0,02
46,US1CTNH0057,"NEW HAVEN 2.9 NNW, CT US",2021-02-18,0.0,0.0,,,0.0,02
47,US1CTNH0057,"NEW HAVEN 2.9 NNW, CT US",2021-02-19,0.31,4.2,,,0.3,02
48,US1CTNH0057,"NEW HAVEN 2.9 NNW, CT US",2021-02-20,0.71,3.7,,,0.7,02
49,US1CTNH0057,"NEW HAVEN 2.9 NNW, CT US",2021-02-21,0.0,0.0,,,0.0,02
50,US1CTNH0057,"NEW HAVEN 2.9 NNW, CT US",2021-02-22,0.0,0.0,,,0.0,02
51,US1CTNH0057,"NEW HAVEN 2.9 NNW, CT US",2021-02-23,0.57,0.0,,,0.0,02
52,US1CTNH0057,"NEW HAVEN 2.9 NNW, CT US",2021-02-24,0.02,0.0,,,0.0,02
53,US1CTNH0057,"NEW HAVEN 2.9 NNW, CT US",2021-02-25,0.0,0.0,,,0.0,02
54,US1CTNH0057,"NEW HAVEN 2.9 NNW, CT US",2021-02-26,0.0,0.0,,,0.0,02
55,US1CTNH0057,"NEW HAVEN 2.9 NNW, CT US",2021-02-27,0.04,0.0,,,0.0,02
56,US1CTNH0057,"NEW HAVEN 2.9 NNW, CT US",2021-02-28,0.65,0.0,,,0.0,02
57,US1CTNH0057,"NEW HAVEN 2.9 NNW, CT US",2021-03-01,0.35,0.0,0.0,99999.0,0.0,03
58,US1CTNH0057,"NEW HAVEN 2.9 NNW, CT US",2021-03-02,0.05,0.0,0.0,0.0,0.0,03
59,US1CTNH0057,"NEW HAVEN 2.9 NNW, CT US",2021-03-03,0.0,0.0,0.0,0.0,0.0,03
60,US1CTNH0057,"NEW HAVEN 2.9 NNW, CT US",2021-03-04,0.0,0.0,0.0,0.0,0.0,03
61,US1CTNH0057,"NEW HAVEN 2.9 NNW, CT US",2021-03-05,0.0,0.0,0.0,0.0,0.0,03
62,US1CTNH0057,"NEW HAVEN 2.9 NNW, CT US",2021-03-06,0.0,0.0,0.0,0.0,0.0,03
63,US1CTNH0057,"NEW HAVEN 2.9 NNW, CT US",2021-03-07,0.0,0.0,0.0,0.0,0.0,03
64,US1CTNH0057,"NEW HAVEN 2.9 NNW, CT US",2021-03-08,0.0,0.0,0.0,0.0,0.0,03
65,US1CTNH0057,"NEW HAVEN 2.9 NNW, CT US",2021-03-09,0.0,0.0,0.0,0.0,0.0,03
66,US1CTNH0057,"NEW HAVEN 2.9 NNW, CT US",2021-03-10,0.0,0.0,0.0,0.0,0.0,03
67,US1CTNH0057,"NEW HAVEN 2.9 NNW, CT US",2021-03-11,0.0,0.0,0.0,0.0,0.0,03
68,US1CTNH0057,"NEW HAVEN 2.9 NNW, CT US",2021-03-12,0.02,0.0,0.0,0.0,0.0,03
69,US1CTNH0057,"NEW HAVEN 2.9 NNW, CT US",2021-03-13,0.0,0.0,0.0,0.0,0.0,03
70,US1CTNH0057,"NEW HAVEN 2.9 NNW, CT US",2021-03-14,0.0,0.0,0.0,0.0,0.0,03
71,US1CTNH0057,"NEW HAVEN 2.9 NNW, CT US",2021-03-15,0.0,0.0,0.0,0.0,0.0,03
72,US1CTNH0057,"NEW HAVEN 2.9 NNW, CT US",2021-03-16,0.0,0.0,0.0,0.0,0.0,03
73,US1CTNH0057,"NEW HAVEN 2.9 NNW, CT US",2021-03-17,0.0,0.0,0.0,0.0,0.0,03
74,US1CTNH0057,"NEW HAVEN 2.9 NNW, CT US",2021-03-18,0.0,0.0,0.0,0.0,0.0,03
75,US1CTNH0057,"NEW HAVEN 2.9 NNW, CT US",2021-03-19,1.09,0.0,0.0,0.0,0.0,03
76,US1CTNH0057,"NEW HAVEN 2.9 NNW, CT US",2021-03-20,0.0,0.0,0.0,0.0,0.0,03
77,US1CTNH0057,"NEW HAVEN 2.9 NNW, CT US",2021-03-21,0.0,0.0,0.0,0.0,0.0,03
78,US1CTNH0057,"NEW HAVEN 2.9 NNW, CT US",2021-03-22,0.0,0.0,0.0,0.0,0.0,03
79,US1CTNH0057,"NEW HAVEN 2.9 NNW, CT US",2021-03-23,0.0,0.0,0.0,0.0,0.0,03
80,US1CTNH0057,"NEW HAVEN 2.9 NNW, CT US",2021-03-24,0.0,0.0,0.0,0.0,0.0,03
81,US1CTNH0057,"NEW HAVEN 2.9 NNW, CT US",2021-03-25,0.85,0.0,0.0,0.0,0.0,03
82,US1CTNH0057,"NEW HAVEN 2.9 NNW, CT US",2021-03-26,0.05,0.0,0.0,0.0,0.0,03
83,US1CTNH0057,"NEW HAVEN 2.9 NNW, CT US",2021-03-27,0.0,0.0,0.0,0.0,0.0,03
84,US1CTNH0057,"NEW HAVEN 2.9 NNW, CT US",2021-03-28,0.02,0.0,0.0,0.0,0.0,03
85,US1CTNH0057,"NEW HAVEN 2.9 NNW, CT US",2021-03-29,1.15,0.0,0.0,0.0,0.0,03
86,US1CTNH0057,"NEW HAVEN 2.9 NNW, CT US",2021-03-30,0.0,0.0,0.0,0.0,0.0,03
87,US1CTNH0057,"NEW HAVEN 2.9 NNW, CT US",2021-03-31,0.0,0.0,0.0,0.0,0.0,03
88,US1CTNH0057,"NEW HAVEN 2.9 NNW, CT US",2021-04-01,0.53,0.0,0.0,0.0,0.0,04
89,US1CTNH0057,"NEW HAVEN 2.9 NNW, CT US",2021-04-02,0.02,0.0,0.0,0.0,0.0,04
90,US1CTNH0057,"NEW HAVEN 2.9 NNW, CT US",2021-04-03,0.0,0.0,0.0,0.0,0.0,04
91,US1CTNH0057,"NEW HAVEN 2.9 NNW, CT US",2021-04-04,0.0,0.0,0.0,0.0,0.0,04
92,US1CTNH0057,"NEW HAVEN 2.9 NNW, CT US",2021-04-05,0.0,0.0,0.0,0.0,0.0,04
93,US1CTNH0057,"NEW HAVEN 2.9 NNW, CT US",2021-04-06,0.0,0.0,0.0,0.0,0.0,04
94,US1CTNH0057,"NEW HAVEN 2.9 NNW, CT US",2021-04-07,0.0,0.0,0.0,0.0,0.0,04
95,US1CTNH0057,"NEW HAVEN 2.9 NNW, CT US",2021-04-08,0.0,0.0,0.0,0.0,0.0,04
96,US1CTNH0057,"NEW HAVEN 2.9 NW, CT US",2021-04-09,0.0,0.0,0.0,0.0,0.0,04
97,US1CTNH0057,"NEW HAVEN 2.9 NNW, CT US",2021-04-10,0.0,0.0,0.0,0.0,0.0,04
98,US1CTNH0057,"NEW HAVEN 2.9 NNW, CT US",2021-04-11,0.0,0.0,0.0,0.0,0.0,04
99,US1CTNH0057,"NEW HAVEN 2.9 NNW, CT US",2021-04-12,0.03,0.0,0.0,0.0,0.0,04
100,US1CTNH0057,"NEW HAVEN 2.9 NNW, CT US",2021-04-13,0.06,0.0,0.0,0.0,0.0,04
101,US1CTNH0057,"NEW HAVEN 2.9 NNW, CT US",2021-04-14,0.0,0.0,0.0,0.0,0.0,04
102,US1CTNH0057,"NEW HAVEN 2.9 NNW, CT US",2021-04-15,0.07,0.0,0.0,0.0,0.0,04
103,US1CTNH0057,"NEW HAVEN 2.9 NNW, CT US",2021-04-16,2.13,0.0,0.0,0.0,0.0,04
104,US1CTNH0057,"NEW HAVEN 2.9 NNW, CT US",2021-04-17,0.16,0.0,0.0,0.0,0.0,04
105,US1CTNH0057,"NEW HAVEN 2.9 NNW, CT US",2021-04-18,0.0,0.0,0.0,0.0,0.0,04
106,US1CTNH0057,"NEW HAVEN 2.9 NNW, CT US",2021-04-19,0.0,0.0,0.0,0.0,0.0,04
107,US1CTNH0057,"NEW HAVEN 2.9 NNW, CT US",2021-04-20,0.0,0.0,0.0,0.0,0.0,04
108,US1CTNH0057,"NEW HAVEN 2.9 NNW, CT US",2021-04-21,0.0,0.0,0.0,0.0,0.0,04
109,US1CTNH0057,"NEW HAVEN 2.9 NNW, CT US",2021-04-22,0.43,0.0,0.0,0.0,0.0,04
110,US1CTNH0057,"NEW HAVEN 2.9 NNW, CT US",2021-04-23,0.02,0.0,0.0,0.0,0.0,04
111,US1CTNH0057,"NEW HAVEN 2.9 NNW, CT US",2021-04-24,0.0,0.0,0.0,0.0,0.0,04
112,US1CTNH0057,"NEW HAVEN 2.9 NNW, CT US",2021-04-25,0.2,0.0,0.0,0.0,0.0,04
113,US1CTNH0057,"NEW HAVEN 2.9 NNW, CT US",2021-04-26,0.29,0.0,0.0,0.0,0.0,04
114,US1CTNH0057,"NEW HAVEN 2.9 NNW, CT US",2021-04-27,0.01,0.0,0.0,0.0,0.0,04
115,US1CTNH0057,"NEW HAVEN 2.9 NNW, CT US",2021-04-28,0.0,0.0,0.0,0.0,0.0,04
116,US1CTNH0057,"NEW HAVEN 2.9 NNW, CT US",2021-04-29,0.06,0.0,0.0,0.0,0.0,04
117,US1CTNH0057,"NEW HAVEN 2.9 NNW, CT US",2021-04-30,0.06,0.0,0.0,0.0,0.0,04
118,US1CTNH0057,"NEW HAVEN 2.9 NNW, CT US",2021-05-01,0.02,0.0,0.0,0.0,0.0,05
119,US1CTNH0057,"NEW HAVEN 2.9 NNW, CT US",2021-05-02,0.0,0.0,0.0,0.0,0.0,05
120,US1CTNH0057,"NEW HAVEN 2.9 NNW, CT US",2021-05-03,0.0,0.0,0.0,0.0,0.0,05
121,US1CTNH0057,"NEW HAVEN 2.9 NNW, CT US",2021-05-04,1.2,0.0,0.0,0.0,0.0,05
122,US1CTNH0057,"NEW HAVEN 2.9 NNW, CT US",2021-05-05,0.03,0.0,0.0,0.0,0.0,05
123,US1CTNH0057,"NEW HAVEN 2.9 NNW, CT US",2021-05-06,0.14,0.0,0.0,0.0,0.0,05
124,US1CTNH0057,"NEW HAVEN 2.9 NNW, CT US",2021-05-07,0.0,0.0,0.0,0.0,0.0,05
125,US1CTNH0057,"NEW HAVEN 2.9 NNW, CT US",2021-05-08,0.0,0.0,0.0,0.0,0.0,05
126,US1CTNH0057,"NEW HAVEN 2.9 NNW, CT US",2021-05-09,0.0,0.0,0.0,0.0,0.0,05
127,US1CTNH0057,"NEW HAVEN 2.9 NNW, CT US",2021-05-10,0.73,0.0,0.0,0.0,0.0,05
128,US1CTNH0057,"NEW HAVEN 2.9 NNW, CT US",2021-05-11,0.0,0.0,0.0,0.0,0.0,05
129,US1CTNH0057,"NEW HAVEN 2.9 NNW, CT US",2021-05-12,0.0,0.0,0.0,0.0,0.0,05
130,US1CTNH0057,"NEW HAVEN 2.9 NNW, CT US",2021-05-13,0.0,0.0,0.0,0.0,0.0,05
131,US1CTNH0057,"NEW HAVEN 2.9 NNW, CT US",2021-05-14,0.0,0.0,0.0,0.0,0.0,05
132,US1CTNH0057,"NEW HAVEN 2.9 NNW, CT US",2021-05-15,0.0,0.0,0.0,0.0,0.0,05
133,US1CTNH0057,"NEW HAVEN 2.9 NNW, CT US",2021-05-16,0.0,0.0,0.0,0.0,0.0,05
134,US1CTNH0057,"NEW HAVEN 2.9 NNW, CT US",2021-05-17,0.02,0.0,0.0,0.0,0.0,05
135,US1CTNH0057,"NEW HAVEN 2.9 NNW, CT US",2021-05-18,0.0,0.0,0.0,0.0,0.0,05
136,US1CTNH0057,"NEW HAVEN 2.9 NNW, CT US",2021-05-19,0.0,0.0,0.0,0.0,0.0,05
137,US1CTNH0057,"NEW HAVEN 2.9 NNW, CT US",2021-05-20,0.0,0.0,0.0,0.0,0.0,05
138,US1CTNH0057,"NEW HAVEN 2.9 NNW, CT US",2021-05-21,0.0,0.0,0.0,0.0,0.0,05
139,US1CTNH0057,"NEW HAVEN 2.9 NNW, CT US",2021-05-22,0.0,0.0,0.0,0.0,0.0,05
140,US1CTNH0057,"NEW HAVEN 2.9 NNW, CT US",2021-05-23,0.0,0.0,0.0,0.0,0.0,05
141,US1CTNH0057,"NEW HAVEN 2.9 NNW, CT US",2021-05-24,0.0,0.0,0.0,0.0,0.0,05
142,US1CTNH0057,"NEW HAVEN 2.9 NNW, CT US",2021-05-25,0.0,0.0,0.0,0.0,0.0,05
143,US1CTNH0057,"NEW HAVEN 2.9 NNW, CT US",2021-05-26,0.0,0.0,0.0,0.0,0.0,05
144,US1CTNH0057,"NEW HAVEN 2.9 NNW, CT US",2021-05-27,0.14,0.0,0.0,0.0,0.0,05
145,US1CTNH0057,"NEW HAVEN 2.9 NNW, CT US",2021-05-28,0.0,0.0,0.0,0.0,0.0,05
146,US1CTNH0057,"NEW HAVEN 2.9 NNW, CT US",2021-05-29,1.54,0.0,0.0,0.0,0.0,05
147,US1CTNH0057,"NEW HAVEN 2.9 NNW, CT US",2021-05-30,0.25,0.0,0.0,0.0,0.0,05
148,US1CTNH0057,"NEW HAVEN 2.9 NNW, CT US",2021-05-31,1.09,0.0,0.0,0.0,0.0,05
149,US1CTNH0057,"NEW HAVEN 2.9 NNW, CT US",2021-06-01,0.02,0.0,0.0,0.0,0.0,06
150,US1CTNH0057,"NEW HAVEN 2.9 NNW, CT US",2021-06-02,0.0,0.0,0.0,0.0,0.0,06
151,US1CTNH0057,"NEW HAVEN 2.9 NNW, CT US",2021-06-03,0.0,0.0,0.0,0.0,0.0,06
152,US1CTNH0057,"NEW HAVEN 2.9 NNW, CT US",2021-06-04,0.15,0.0,0.0,0.0,0.0,06
153,US1CTNH0057,"NEW HAVEN 2.9 NNW, CT US",2021-06-05,0.0,0.0,0.0,0.0,0.0,06
154,US1CTNH0057,"NEW HAVEN 2.9 NNW, CT US",2021-06-06,0.0,0.0,0.0,0.0,0.0,06
155,US1MAMD0011,"CAMBRIDGE 0.9 NNW, MA US",2021-01-01,0.0,0.0,,,,01
156,US1MAMD0011,"CAMBRIDGE 0.9 NNW, MA US",2021-01-02,0.62,,,,,01
157,US1MAMD0011,"CAMBRIDGE 0.9 NNW, MA US",2021-01-03,0.05,,,,,01
158,US1MAMD0011,"CAMBRIDGE 0.9 NNW, MA US",2021-01-04,0.06,,,,,01
159,US1MAMD0011,"CAMBRIDGE 0.9 NNW, MA US",2021-01-05,0.0,0.0,,,,01
160,US1MAMD0011,"CAMBRIDGE 0.9 NNW, MA US",2021-01-06,0.0,0.0,,,,01
161,US1MAMD0011,"CAMBRIDGE 0.9 NNW, MA US",2021-01-07,0.0,0.0,,,,01
162,US1MAMD0011,"CAMBRIDGE 0.9 NNW, MA US",2021-01-08,0.0,0.0,,,,01
163,US1MAMD0011,"CAMBRIDGE 0.9 NNW, MA US",2021-01-09,0.0,0.0,,,,01
164,US1MAMD0011,"CAMBRIDGE 0.9 NNW, MA US",2021-01-10,0.0,0.0,,,,01
165,US1MAMD0011,"CAMBRIDGE 0.9 NNW, MA US",2021-01-11,0.0,0.0,,,,01
166,US1MAMD0011,"CAMBRIDGE 0.9 NNW, MA US",2021-01-12,0.0,0.0,,,,01
167,US1MAMD0011,"CAMBRIDGE 0.9 NNW, MA US",2021-01-13,0.0,0.0,,,,01
168,US1MAMD0011,"CAMBRIDGE 0.9 NNW, MA US",2021-01-14,0.0,0.0,,,,01
169,US1MAMD0011,"CAMBRIDGE 0.9 NNW, MA US",2021-01-15,0.11,,,,,01
170,US1MAMD0011,"CAMBRIDGE 0.9 NNW, MA US",2021-01-16,1.02,,,,,01
171,US1MAMD0011,"CAMBRIDGE 0.9 NNW, MA US",2021-01-17,0.65,,,,,01
172,US1MAMD0011,"CAMBRIDGE 0.9 NNW, MA US",2021-01-18,0.0,0.0,,,,01
173,US1MAMD0011,"CAMBRIDGE 0.9 NNW, MA US",2021-01-19,0.0,0.0,,,,01
174,US1MAMD0011,"CAMBRIDGE 0.9 NNW, MA US",2021-01-20,0.0,0.0,,,,01
175,US1MAMD0011,"CAMBRIDGE 0.9 NNW, MA US",2021-01-21,0.0,0.0,,,,01
176,US1MAMD0011,"CAMBRIDGE 0.9 NNW, MA US",2021-01-22,0.0,0.0,,,,01
177,US1MAMD0011,"CAMBRIDGE 0.9 NNW, MA US",2021-01-23,0.0,0.0,,,,01
178,US1MAMD0011,"CAMBRIDGE 0.9 NNW, MA US",2021-01-24,0.0,0.0,,,,01
179,US1MAMD0011,"CAMBRIDGE 0.9 NNW, MA US",2021-01-25,0.0,0.0,,,,01
180,US1MAMD0011,"CAMBRIDGE 0.9 NNW, MA US",2021-01-26,0.0,0.0,,,,01
181,US1MAMD0011,"CAMBRIDGE 0.9 NNW, MA US",2021-01-27,0.31,,,,,01
182,US1MAMD0011,"CAMBRIDGE 0.9 NNW, MA US",2021-01-28,0.02,,,,,01
183,US1MAMD0011,"CAMBRIDGE 0.9 NNW, MA US",2021-01-29,0.05,,,,,01
184,US1MAMD0011,"CAMBRIDGE 0.9 NNW, MA US",2021-01-30,0.0,0.0,,,,01
185,US1MAMD0011,"CAMBRIDGE 0.9 NNW, MA US",2021-01-31,0.0,0.0,,,,01
186,US1MAMD0011,"CAMBRIDGE 0.9 NNW, MA US",2021-02-01,34.0,0.0,,,,02
187,US1MAMD0011,"CAMBRIDGE 0.9 NNW, MA US",2021-02-02,1.4,,,,,02
188,US1MAMD0011,"CAMBRIDGE 0.9 NNW, MA US",2021-02-03,0.01,,,,,02
189,US1MAMD0011,"CAMBRIDGE 0.9 NNW, MA US",2021-02-04,0.01,,,,,02
190,US1MAMD0011,"CAMBRIDGE 0.9 NNW, MA US",2021-02-05,0.0,0.0,,,,02
191,US1MAMD0011,"CAMBRIDGE 0.9 NNW, MA US",2021-02-06,0.0,0.0,,,,02
192,US1MAMD0011,"CAMBRIDGE 0.9 NNW, MA US",2021-02-07,0.0,0.0,,,,02
193,US1MAMD0011,"CAMBRIDGE 0.9 NNW, MA US",2021-02-08,0.38,,,,,02
194,US1MAMD0011,"CAMBRIDGE 0.9 NNW, MA US",2021-02-09,0.0,0.0,,,,02
195,US1MAMD0011,"CAMBRIDGE 0.9 NNW, MA US",2021-02-10,0.2,,,,,02
196,US1MAMD0011,"CAMBRIDGE 0.9 NNW, MA US",2021-02-11,0.0,0.0,,,,02
197,US1MAMD0011,"CAMBRIDGE 0.9 NNW, MA US",2021-02-12,0.0,0.0,,,,02
198,US1MAMD0011,"CAMBRIDGE 0.9 NNW, MA US",2021-02-13,0.0,0.0,,,,02
199,US1MAMD0011,"CAMBRIDGE 0.9 NNW, MA US",2021-02-14,0.0,0.0,,,,02
200,US1MAMD0011,"CAMBRIDGE 0.9 NNW, MA US",2021-02-15,0.0,0.0,,,,02
201,US1MAMD0011,"CAMBRIDGE 0.9 NNW, MA US",2021-02-16,0.5,,,,,02
202,US1MAMD0011,"CAMBRIDGE 0.9 NNW, MA US",2021-02-17,0.26,,,,,02
203,US1MAMD0011,"CAMBRIDGE 0.9 NNW, MA US",2021-02-18,0.0,0.0,,,,02
204,US1MAMD0011,"CAMBRIDGE 0.9 NNW, MA US",2021-02-19,0.14,,,,,02
205,US1MAMD0011,"CAMBRIDGE 0.9 NNW, MA US",2021-02-20,0.25,,,,,02
206,US1MAMD0011,"CAMBRIDGE 0.9 NNW, MA US",2021-02-21,0.0,0.0,,,,02
207,US1MAMD0011,"CAMBRIDGE 0.9 NNW, MA US",2021-02-22,0.0,0.0,,,,02
208,US1MAMD0011,"CAMBRIDGE 0.9 NNW, MA US",2021-02-23,0.16,,,,,02
209,US1MAMD0011,"CAMBRIDGE 0.9 NNW, MA US",2021-02-24,0.0,0.0,,,,02
210,US1MAMD0011,"CAMBRIDGE 0.9 NNW, MA US",2021-02-25,0.0,0.0,,,,02
211,US1MAMD0011,"CAMBRIDGE 0.9 NNW, MA US",2021-02-26,0.0,0.0,,,,02
212,US1MAMD0011,"CAMBRIDGE 0.9 NNW, MA US",2021-02-27,0.01,,,,,02
213,US1MAMD0011,"CAMBRIDGE 0.9 NNW, MA US",2021-02-28,0.17,,,,,02
214,US1MAMD0011,"CAMBRIDGE 0.9 NNW, MA US",2021-03-01,0.18,,,,,03
215,US1MAMD0011,"CAMBRIDGE 0.9 NNW, MA US",2021-03-02,0.01,,,,,03
216,US1MAMD0011,"CAMBRIDGE 0.9 NNW, MA US",2021-03-03,0.0,0.0,,,,03
217,US1MAMD0011,"CAMBRIDGE 0.9 NNW, MA US",2021-03-04,0.0,0.0,,,,03
218,US1MAMD0011,"CAMBRIDGE 0.9 NNW, MA US",2021-03-05,0.0,0.0,,,,03
219,US1MAMD0011,"CAMBRIDGE 0.9 NNW, MA US",2021-03-06,0.0,0.0,,,,03
220,US1MAMD0011,"CAMBRIDGE 0.9 NNW, MA US",2021-03-07,0.0,0.0,,,,03
221,US1MAMD0011,"CAMBRIDGE 0.9 NNW, MA US",2021-03-08,0.0,0.0,,,,03
222,US1MAMD0011,"CAMBRIDGE 0.9 NNW, MA US",2021-03-09,0.0,0.0,,,,03
223,US1MAMD0011,"CAMBRIDGE 0.9 NNW, MA US",2021-03-10,0.0,0.0,,,,03
224,US1MAMD0011,"CAMBRIDGE 0.9 NNW, MA US",2021-03-11,0.0,0.0,,,,03
225,US1MAMD0011,"CAMBRIDGE 0.9 NNW, MA US",2021-03-12,0.0,0.0,,,,03
226,US1MAMD0011,"CAMBRIDGE 0.9 NNW, MA US",2021-03-13,0.0,0.0,,,,03
227,US1MAMD0011,"CAMBRIDGE 0.9 NNW, MA US",2021-03-14,0.0,0.0,,,,03
228,US1MAMD0011,"CAMBRIDGE 0.9 NNW, MA US",2021-03-15,0.0,0.0,,,,03
229,US1MAMD0011,"CAMBRIDGE 0.9 NNW, MA US",2021-03-16,0.0,0.0,,,,03
230,US1MAMD0011,"CAMBRIDGE 0.9 NNW, MA US",2021-03-17,0.0,0.0,,,,03
231,US1MAMD0011,"CAMBRIDGE 0.9 NNW, MA US",2021-03-18,0.0,0.0,,,,03
232,US1MAMD0011,"CAMBRIDGE 0.9 NNW, MA US",2021-03-19,0.65,,,,,03
233,US1MAMD0011,"CAMBRIDGE 0.9 NNW, MA US",2021-03-20,0.0,0.0,,,,03
234,US1MAMD0011,"CAMBRIDGE 0.9 NNW, MA US",2021-03-21,0.0,0.0,,,,03
235,US1MAMD0011,"CAMBRIDGE 0.9 NNW, MA US",2021-03-22,0.0,0.0,,,,03
236,US1MAMD0011,"CAMBRIDGE 0.9 NNW, MA US",2021-03-23,0.0,0.0,,,,03
237,US1MAMD0011,"CAMBRIDGE 0.9 NNW, MA US",2021-03-24,0.0,0.0,,,,03
238,US1MAMD0011,"CAMBRIDGE 0.9 NNW, MA US",2021-03-25,0.14,,,,,03
239,US1MAMD0011,"CAMBRIDGE 0.9 NNW, MA US",2021-03-26,0.03,,,,,03
240,US1MAMD0011,"CAMBRIDGE 0.9 NNW, MA US",2021-03-27,0.0,0.0,,,,03
241,US1MAMD0011,"CAMBRIDGE 0.9 NNW, MA US",2021-03-28,0.0,0.0,,,,03
242,US1MAMD0011,"CAMBRIDGE 0.9 NNW, MA US",2021-03-29,0.75,,,,,03
243,US1MAMD0011,"CAMBRIDGE 0.9 NNW, MA US",2021-03-30,0.0,0.0,,,,03
244,US1MAMD0011,"CAMBRIDGE 0.9 NNW, MA US",2021-03-31,0.0,0.0,,,,03
245,US1MAMD0011,"CAMBRIDGE 0.9 NNW, MA US",2021-04-01,0.91,,,,,04
246,US1MAMD0011,"CAMBRIDGE 0.9 NNW, MA US",2021-04-02,0.04,,,,,04
247,US1MAMD0011,"CAMBRIDGE 0.9 NNW, MA US",2021-04-03,0.0,0.0,,,,04
248,US1MAMD0011,"CAMBRIDGE 0.9 NNW, MA US",2021-04-04,0.0,0.0,,,,04
249,US1MAMD0011,"CAMBRIDGE 0.9 NNW, MA US",2021-04-05,0.0,0.0,,,,04
250,US1MAMD0011,"CAMBRIDGE 0.9 NNW, MA US",2021-04-06,0.0,0.0,,,,04
251,US1MAMD0011,"CAMBRIDGE 0.9 NNW, MA US",2021-04-07,0.0,0.0,,,,04
252,US1MAMD0011,"CAMBRIDGE 0.9 NNW, MA US",2021-04-08,0.0,0.0,,,,04
253,US1MAMD0011,"CAMBRIDGE 0.9 NNW, MA US",2021-04-09,0.0,0.0,,,,04
254,US1MAMD0011,"CAMBRIDGE 0.9 NNW, MA US",2021-04-10,0.0,0.0,,,,04
255,US1MAMD0011,"CAMBRIDGE 0.9 NNW, MA US",2021-04-11,0.0,0.0,,,,04
256,US1MAMD0011,"CAMBRIDGE 0.9 NNW, MA US",2021-04-12,0.02,,,,,04
257,US1MAMD0011,"CAMBRIDGE 0.9 NNW, MA US",2021-04-13,0.03,,,,,04
258,US1MAMD0011,"CAMBRIDGE 0.9 NNW, MA US",2021-04-14,0.0,0.0,,,,04
259,US1MAMD0011,"CAMBRIDGE 0.9 NNW, MA US",2021-04-15,0.0,0.0,,,,04
260,US1MAMD0011,"CAMBRIDGE 0.9 NNW, MA US",2021-04-16,1.03,,,,,04
261,US1MAMD0011,"CAMBRIDGE 0.9 NNW, MA US",2021-04-17,1.63,,,,,04
262,US1MAMD0011,"CAMBRIDGE 0.9 NNW, MA US",2021-04-18,0.05,,,,,04
263,US1MAMD0011,"CAMBRIDGE 0.9 NNW, MA US",2021-04-19,0.0,0.0,,,,04
264,US1MAMD0011,"CAMBRIDGE 0.9 NNW, MA US",2021-04-20,0.0,,,,,04
265,US1MAMD0011,"CAMBRIDGE 0.9 NNW, MA US",2021-04-21,0.0,0.0,,,,04
266,US1MAMD0011,"CAMBRIDGE 0.9 NNW, MA US",2021-04-22,0.31,,,,,04
267,US1MAMD0011,"CAMBRIDGE 0.9 NNW, MA US",2021-04-23,0.0,0.0,,,,04
268,US1MAMD0011,"CAMBRIDGE 0.9 NNW, MA US",2021-04-24,0.0,0.0,,,,04
269,US1MAMD0011,"CAMBRIDGE 0.9 NNW, MA US",2021-04-25,0.0,0.0,,,,04
270,US1MAMD0011,"CAMBRIDGE 0.9 NNW, MA US",2021-04-26,0.09,,,,,04
271,US1MAMD0011,"CAMBRIDGE 0.9 NNW, MA US",2021-04-27,0.0,0.0,,,,04
272,US1MAMD0011,"CAMBRIDGE 0.9 NNW, MA US",2021-04-28,0.22,,,,,04
273,US1MAMD0011,"CAMBRIDGE 0.9 NNW, MA US",2021-04-29,0.01,,,,,04
274,US1MAMD0011,"CAMBRIDGE 0.9 NNW, MA US",2021-04-30,1.07,,,,,04
275,US1MAMD0011,"CAMBRIDGE 0.9 NNW, MA US",2021-05-01,0.17,,,,,05
276,US1MAMD0011,"CAMBRIDGE 0.9 NNW, MA US",2021-05-02,0.01,,,,,05
277,US1MAMD0011,"CAMBRIDGE 0.9 NNW, MA US",2021-05-03,0.01,,,,,05
278,US1MAMD0011,"CAMBRIDGE 0.9 NNW, MA US",2021-05-04,0.47,,,,,05
279,US1MAMD0011,"CAMBRIDGE 0.9 NNW, MA US",2021-05-05,0.73,,,,,05
280,US1MAMD0011,"CAMBRIDGE 0.9 NNW, MA US",2021-05-06,0.2,,,,,05
281,US1MAMD0011,"CAMBRIDGE 0.9 NNW, MA US",2021-05-07,0.0,0.0,,,,05
282,US1MAMD0011,"CAMBRIDGE 0.9 NNW, MA US",2021-05-08,0.0,0.0,,,,05
283,US1MAMD0011,"CAMBRIDGE 0.9 NNW, MA US",2021-05-09,0.0,0.0,,,,05
284,US1MAMD0011,"CAMBRIDGE 0.9 NNW, MA US",2021-05-10,0.37,,,,,05
285,US1MAMD0011,"CAMBRIDGE 0.9 NNW, MA US",2021-05-11,0.0,0.0,,,,05
286,US1MAMD0011,"CAMBRIDGE 0.9 NNW, MA US",2021-05-12,0.0,0.0,,,,05
287,US1MAMD0011,"CAMBRIDGE 0.9 NNW, MA US",2021-05-13,0.0,0.0,,,,05
288,US1MAMD0011,"CAMBRIDGE 0.9 NNW, MA US",2021-05-14,0.0,0.0,,,,05
289,US1MAMD0011,"CAMBRIDGE 0.9 NNW, MA US",2021-05-15,0.0,0.0,,,,05
290,US1MAMD0011,"CAMBRIDGE 0.9 NNW, MA US",2021-05-16,0.0,0.0,,,,05
291,US1MAMD0011,"CAMBRIDGE 0.9 NNW, MA US",2021-05-17,0.0,0.0,,,,05
292,US1MAMD0011,"CAMBRIDGE 0.9 NNW, MA US",2021-05-18,0.0,0.0,,,,05
293,US1MAMD0011,"CAMBRIDGE 0.9 NNW, MA US",2021-05-19,0.0,0.0,,,,05
294,US1MAMD0011,"CAMBRIDGE 0.9 NNW, MA US",2021-05-20,0.0,0.0,,,,05
295,US1MAMD0011,"CAMBRIDGE 0.9 NNW, MA US",2021-05-21,0.0,0.0,,,,05
296,US1MAMD0011,"CAMBRIDGE 0.9 NNW, MA US",2021-05-22,0.0,0.0,,,,05
297,US1MAMD0011,"CAMBRIDGE 0.9 NNW, MA US",2021-05-23,0.0,0.0,,,,05
298,US1MAMD0011,"CAMBRIDGE 0.9 NNW, MA US",2021-05-24,0.0,0.0,,,,05
299,US1MAMD0011,"CAMBRIDGE 0.9 NNW, MA US",2021-05-25,0.0,0.0,,,,05
300,US1MAMD0011,"CAMBRIDGE 0.9 NNW, MA US",2021-05-26,0.0,0.0,,,,05
301,US1MAMD0011,"CAMBRIDGE 0.9 NNW, MA US",2021-05-27,0.49,,,,,05
302,US1MAMD0011,"CAMBRIDGE 0.9 NNW, MA US",2021-05-28,0.0,0.0,,,,05
303,US1MAMD0011,"CAMBRIDGE 0.9 NNW, MA US",2021-05-29,2.17,,,,,05
304,US1MAMD0011,"CAMBRIDGE 0.9 NNW, MA US",2021-05-30,0.28,,,,,05
305,US1MAMD0011,"CAMBRIDGE 0.9 NNW, MA US",2021-05-31,0.9,,,,,05
306,US1MAMD0011,"CAMBRIDGE 0.9 NNW, MA US",2021-06-01,0.0,,,,,06
307,US1MAMD0011,"CAMBRIDGE 0.9 NNW, MA US",2021-06-02,0.0,0.0,,,,06
308,US1MAMD0011,"CAMBRIDGE 0.9 NNW, MA US",2021-06-03,0.0,0.0,,,,06
309,US1MAMD0011,"CAMBRIDGE 0.9 NNW, MA US",2021-06-04,0.0,0.0,,,,06
310,US1MAMD0011,"CAMBRIDGE 0.9 NNW, MA US",2021-06-05,0.01,,,,,06
311,US1MAMD0011,"CAMBRIDGE 0.9 NNW, MA US",2021-06-06,0.0,0.0,,,,06
312,US1MAMD0011,"CAMBRIDGE 0.9 NNW, MA US",2021-06-07,0.0,0.0,,,,06
313,US1MAMD0011,"CAMBRIDGE 0.9 NNW, MA US",2021-06-08,0.0,0.0,,,,06
314,US1MAMD0011,"CAMBRIDGE 0.9 NNW, MA US",2021-06-09,0.02,,,,,06
315,US1MAMD0011,"CAMBRIDGE 0.9 NNW, MA US",2021-06-10,0.0,0.0,,,,06
316,US1MAMD0011,"CAMBRIDGE 0.9 NNW, MA US",2021-06-11,0.0,0.0,,,,06
317,US1MAMD0011,"CAMBRIDGE 0.9 NNW, MA US",2021-06-12,0.75,,,,,06
318,US1MAMD0011,"CAMBRIDGE 0.9 NNW, MA US",2021-06-13,0.0,0.0,,,,06
319,US1MAMD0011,"CAMBRIDGE 0.9 NNW, MA US",2021-06-14,0.0,0.0,,,,06
320,US1MAMD0011,"CAMBRIDGE 0.9 NNW, MA US",2021-06-15,0.56,,,,,06
321,US1MAMD0011,"CAMBRIDGE 0.9 NNW, MA US",2021-06-16,0.0,0.0,,,,06
322,US1MAMD0011,"CAMBRIDGE 0.9 NNW, MA US",2021-06-17,0.0,0.0,,,,06
323,US1MAMD0011,"CAMBRIDGE 0.9 NNW, MA US",2021-06-18,0.0,0.0,,,,06
324,US1MAMD0011,"CAMBRIDGE 0.9 NNW, MA US",2021-06-19,0.0,,,,,06
325,US1MAMD0011,"CAMBRIDGE 0.9 NNW, MA US",2021-06-20,0.0,0.0,,,,06
326,US1MAMD0011,"CAMBRIDGE 0.9 NNW, MA US",2021-06-21,0.0,0.0,,,,06
327,US1MAMD0011,"CAMBRIDGE 0.9 NNW, MA US",2021-06-22,0.0,0.0,,,,06
328,US1MAMD0011,"CAMBRIDGE 0.9 NNW, MA US",2021-06-23,0.72,,,,,06
329,US1MAMD0011,"CAMBRIDGE 0.9 NNW, MA US",2021-06-24,0.0,0.0,,,,06
330,US1MAMD0011,"CAMBRIDGE 0.9 NNW, MA US",2021-06-25,0.07,,,,,06
331,US1MAMD0011,"CAMBRIDGE 0.9 NNW, MA US",2021-06-26,0.0,0.0,,,,06
332,US1MAMD0011,"CAMBRIDGE 0.9 NNW, MA US",2021-06-27,0.0,0.0,,,,06
333,US1MAMD0011,"CAMBRIDGE 0.9 NNW, MA US",2021-06-28,0.0,0.0,,,,06
334,US1MAMD0011,"CAMBRIDGE 0.9 NNW, MA US",2021-06-29,0.0,0.0,,,,06
335,US1MAMD0011,"CAMBRIDGE 0.9 NNW, MA US",2021-06-30,0.0,0.0,,,,06
